[
  {
    "candidateId": "CAND000001",
	"firstName": "Chandrasekar",
	"lastName": "Janjanam",
    "userId": " raja",
    "password": "sekar",
    "mobile": "98754125",
    "currentCompanyName": "ibm",
    "currentJobId": 1,
    "currentJobDetails": "manager",
    "currentJobJoinDate": null,
    "previousCompanyName": "infy",
    "previousJobId": 2,
    "previousJobDetails": "staff",
    "totalExp": 8,
    "currentMonthlySalary": 45000,
    "expectedMonthlySalary": 6000,
    "prefferedArea": "AR0001|AR0002",
    "state": "Telangana",
    "cityId": "CITY01",
    "areaId": "AR0001",
    "landLine": "852369",
    "address": "address1",
    "pinCode": 522052,
    "refName1": "ref name1",
    "refAddress1": "ref address1",
    "refName2": "ref name 2",
    "refAddress2": "ref address2",
    "emailId": "logi@gmail.com",
    "gender": "M",
    "dob": null,
    "maritalStatus": "0",
    "religion": "Hindu",
    "photo": "bnVsbA==",
    "degreeCategoryId": "DEG001",
    "degreeSpecialId": "SPL002",
    "degreePercentage": "55",
    "educationCertificate": "bnVsbA==",
    "resume": "bnVsbA==",
    "languageDetails": "2|3",
    "adharId": "87678676",
    "drivingLicenseId": "87678676",
    "otherId": "null",
    "reportedFlag": "Y",
    "reportedMessage": "null",
    "reportedId": 0,
    "isEnabled": "Y",
    "isFeatured": "Y",
    "createdId": "SYSTEM",
    "createdTimestamp": 1466941164000,
    "updatedId": "SYSTEM",
    "updatedTimestamp": 1468055464000
  },
  {
    "candidateId": "CAND000002",
	"firstName": "janjanam",
	"lastName": "sekar",
    "userId": "chandra",
    "password": "sekar",
    "mobile": "987456321",
    "currentCompanyName": "vertex",
    "currentJobId": 3,
    "currentJobDetails": "manager",
    "currentJobJoinDate": null,
    "previousCompanyName": "manjeera",
    "previousJobId": 1,
    "previousJobDetails": "manager",
    "totalExp": 4,
    "currentMonthlySalary": 25000,
    "expectedMonthlySalary": 4000,
    "prefferedArea": "AR0001|AR0002|AR0003",
    "state": "Telangana",
    "cityId": "CITY01",
    "areaId": "AR0002",
    "landLine": "4030392",
    "address": "address1",
    "pinCode": 522052,
    "refName1": "ref name1",
    "refAddress1": "ref address1",
    "refName2": "ref name 2",
    "refAddress2": "ref address2",
    "emailId": "chandra@gmail.com",
    "gender": "M",
    "dob": null,
    "maritalStatus": "0",
    "religion": "Hindu",
    "photo": null,
    "degreeCategoryId": "DEG001",
    "degreeSpecialId": "SPL002",
    "degreePercentage": "55",
    "educationCertificate": null,
    "resume": null,
    "languageDetails": "2|3",
    "adharId": "87678676",
    "drivingLicenseId": "ghjds76",
    "otherId": null,
    "reportedFlag": "N",
    "reportedMessage": null,
    "reportedId": null,
    "isEnabled": "Y",
    "isFeatured": "N",
    "createdId": "SYSTEM",
    "createdTimestamp": 1466941164000,
    "updatedId": "SYSTEM",
    "updatedTimestamp": 1467458927000
  },
  {
    "candidateId": "CAND000003",
	"firstName": "logi",
	"lastName": "kanda",
    "userId": "Logi",
    "password": "sekar",
    "mobile": "98754125",
    "currentCompanyName": "ibm",
    "currentJobId": 1,
    "currentJobDetails": "manager",
    "currentJobJoinDate": null,
    "previousCompanyName": "infy",
    "previousJobId": 2,
    "previousJobDetails": "staff",
    "totalExp": 8,
    "currentMonthlySalary": 45000,
    "expectedMonthlySalary": 6000,
    "prefferedArea": "AR0001|AR0002",
    "state": "Telangana",
    "cityId": "CITY01",
    "areaId": "AR0001",
    "landLine": "852369",
    "address": "address1",
    "pinCode": 522052,
    "refName1": "ref name1",
    "refAddress1": "ref address1",
    "refName2": "ref name 2",
    "refAddress2": "ref address2",
    "emailId": "logi@gmail.com",
    "gender": "M",
    "dob": null,
    "maritalStatus": "0",
    "religion": "Hindu",
    "photo": null,
    "degreeCategoryId": "DEG001",
    "degreeSpecialId": "SPL002",
    "degreePercentage": "55",
    "educationCertificate": null,
    "resume": null,
    "languageDetails": "2|3",
    "adharId": "87678676",
    "drivingLicenseId": "ghjds76",
    "otherId": null,
    "reportedFlag": "N",
    "reportedMessage": null,
    "reportedId": null,
    "isEnabled": "N",
    "isFeatured": "N",
    "createdId": "SYSTEM",
    "createdTimestamp": 1466941164000,
    "updatedId": "SYSTEM",
    "updatedTimestamp": 1467494136000
  },
  {
    "candidateId": "CAND000004",
	"firstName": "raja",
	"lastName": "shelby",
    "userId": "raja",
    "password": "shelby",
    "mobile": "7845129632",
    "currentCompanyName": "ibm",
    "currentJobId": 1,
    "currentJobDetails": "manager",
    "currentJobJoinDate": null,
    "previousCompanyName": "infy",
    "previousJobId": 2,
    "previousJobDetails": "staff",
    "totalExp": 8,
    "currentMonthlySalary": 45000,
    "expectedMonthlySalary": 6000,
    "prefferedArea": "AR0001|AR0003",
    "state": "Telangana",
    "cityId": "CITY02",
    "areaId": "AR0001",
    "landLine": "852369",
    "address": "address1",
    "pinCode": 522052,
    "refName1": "ref name1",
    "refAddress1": "ref address1",
    "refName2": "ref name 2",
    "refAddress2": "ref address2",
    "emailId": "rajasekar@gmail.com",
    "gender": "M",
    "dob": null,
    "maritalStatus": "0",
    "religion": "Hindu",
    "photo": null,
    "degreeCategoryId": "DEG001",
    "degreeSpecialId": "SPL002",
    "degreePercentage": "55",
    "educationCertificate": null,
    "resume": null,
    "languageDetails": "2|3",
    "adharId": "87678676",
    "drivingLicenseId": "ghjds76",
    "otherId": null,
    "reportedFlag": "N",
    "reportedMessage": null,
    "reportedId": null,
    "isEnabled": "Y",
    "isFeatured": "N",
    "createdId": "SYSTEM",
    "createdTimestamp": 1466941164000,
    "updatedId": "SYSTEM",
    "updatedTimestamp": 1467458923000
  },
  {
    "candidateId": "CAND000005",
	"firstName": "manoj",
	"lastName": "kkaroj",
    "userId": "manoj",
    "password": "kkaroj",
    "mobile": "9674851236",
    "currentCompanyName": "vertex",
    "currentJobId": 3,
    "currentJobDetails": "manager",
    "currentJobJoinDate": null,
    "previousCompanyName": "manjeera",
    "previousJobId": 1,
    "previousJobDetails": "manager",
    "totalExp": 4,
    "currentMonthlySalary": 25000,
    "expectedMonthlySalary": 4000,
    "prefferedArea": "AR0001|AR0002|AR0004",
    "state": "Telangana",
    "cityId": "CITY02",
    "areaId": "AR0002",
    "landLine": "4030392",
    "address": "address1",
    "pinCode": 522052,
    "refName1": "ref name1",
    "refAddress1": "ref address1",
    "refName2": "ref name 2",
    "refAddress2": "ref address2",
    "emailId": "manoj1324@gmail.com",
    "gender": "M",
    "dob": null,
    "maritalStatus": "0",
    "religion": "Hindu",
    "photo": null,
    "degreeCategoryId": "DEG001",
    "degreeSpecialId": "SPL002",
    "degreePercentage": "55",
    "educationCertificate": null,
    "resume": null,
    "languageDetails": "2|3",
    "adharId": "87678676",
    "drivingLicenseId": "ghjds76",
    "otherId": null,
    "reportedFlag": "N",
    "reportedMessage": null,
    "reportedId": null,
    "isEnabled": "Y",
    "isFeatured": "N",
    "createdId": "SYSTEM",
    "createdTimestamp": 1466941164000,
    "updatedId": "SYSTEM",
    "updatedTimestamp": 1467458927000
  }
]