[{
    "candidateId": "CAND000002",
    "userId": "chandra",
    "password": null,
    "mobile": "987456321",
    "currentCompanyName": "vertex",
    "currentJobId": 3,
    "currentJobDetails": "manager",
    "currentJobJoinDate": null,
    "previousCompanyName": "manjeera",
    "previousJobId": 1,
    "previousJobDetails": "manager",
    "totalExp": 4,
    "currentMonthlySalary": 25000,
    "expectedMonthlySalary": 4000,
    "prefferedArea": "AR0001|AR0002|AR0003",
    "state": "Telangana",
    "cityId": "CITY01",
    "areaId": "AR0002",
    "landLine": "4030392",
    "address": "address1",
    "pinCode": 522052,
    "refName1": "ref name1",
    "refAddress1": "ref address1",
    "refName2": "ref name 2",
    "refAddress2": "ref address2",
    "emailId": "chandra@gmail.com",
    "gender": "M",
    "dOB": null,
    "maritalStatus": "0",
    "religion": "Hindu",
    "photo": null,
    "degreeCategoryId": "DEG001",
    "degreeSpecialId": "SPL002",
    "degreePercentage": "55",
    "educationCertificate": null,
    "resume": null,
    "languageDetails": "2|3",
    "adharId": "87678676",
    "drivingLicenseId": "87678676",
    "otherId": null,
    "reportedFlag": "N",
    "reportedMessage": null,
    "reportedId": 0,
    "enabled": false,
    "featured": false
  }
  ]