[
  {
    "areaId": 1,
    "areaName": "Banjara hills",
    "cityCode": "GNT",
    "isEnabled": false
  },
  {
    "areaId": 2,
    "areaName": "Jubilee Hills",
    "cityCode": "HYD",
    "isEnabled": false
  },
  {
    "areaId": 3,
    "areaName": "Gachibowli",
    "cityCode": "BZA",
    "isEnabled": false
  },
  {
    "areaId": 4,
    "areaName": "KPHB Colony",
    "cityCode": "CBE",
    "isEnabled": false
  },
  {
    "areaId": 5,
    "areaName": "Madhapur",
    "cityCode": "ERD",
    "isEnabled": false
  }
]
