[{
	"category": "Access Links",
	"items": [{
		"id": "greek-dishes-001",
		"title": "Greek salad",
		"description": "Greek salad consists of pieces of tomatoes, sliced cucumbers, onion, feta cheese, and olives (usually Kalamata olives), typically seasoned with salt and oregano, and dressed with olive oil."

	}, {
		"id": "greek-dishes-002",
		"title": "Greek salad",
		"description": "Greek salad consists of pieces of tomatoes, sliced cucumbers, onion, feta cheese, and olives (usually Kalamata olives), typically seasoffned with salddt and oregano, and dressed with olive oil."

	}]
}, {
	"category": "How To Series",
	"items": [{
		"id": "hungarian-dishes-002",
		"title": "PalÃ³cleves",
		"description": "A soup simidsflar to gulyÃ¡sleves, but containing green beans and sour cream, and frequently flavoured with dill. Invented by JÃ¡nos Gundel (father of famed chef KÃ¡roly Gundel) and named for KÃ¡lmÃ¡n MikszÃ¡th and his writings about the PalÃ³c people of Northern Hungary / Southern Slovakia."
	}, {
		"id": "hungarian-dishes-004",
		"title": "PalÃ³cleves",
		"description": "A soup simidsflar to gulyÃ¡sleves, but containing green beans and sour cream, and frequently flavoured with dill. Invented by JÃ¡nos Gundel (father of famed chef KÃ¡roly Gundel) and named for KÃ¡lmÃ¡n MikszÃ¡th and his writings about the PalÃ³c people of Northern Hungary / Southern Slovakia."
	}, {
		"id": "hungarian-dishes-006",
		"title": "PalÃ³cleves",
		"description": "A soup simidsflar to gulyÃ¡sleves, but containing green beans and sour cream, and frequently flavoured with dill. Invented by JÃ¡nos Gundel (father of famed chef KÃ¡roly Gundel) and named for KÃ¡lmÃ¡n MikszÃ¡th and his writings about the PalÃ³c people of Northern Hungary / Southern Slovakia."
	}]
},
{
	"category": "Access Links",
	"items": [{
		"id": "greek-dishes-001",
		"title": "Greek salad",
		"description": "Greek salad consists of pieces of tomatoes, sliced cucumbers, onion, feta cheese, and olives (usually Kalamata olives), typically seasoned with salt and oregano, and dressed with olive oil."

	}, {
		"id": "greek-dishes-002",
		"title": "Greek salad",
		"description": "Greek salad consists of pieces of tomatoes, sliced cucumbers, onion, feta cheese, and olives (usually Kalamata olives), typically seasoffned with salddt and oregano, and dressed with olive oil."

	}]
},
{
	"category": "Sparrow Details",
	"items": [{
		"id": "greek-dishes-001",
		"title": "Greek salad",
		"description": "Greek salad consists of pieces of tomatoes, sliced cucumbers, onion, feta cheese, and olives (usually Kalamata olives), typically seasoned with salt and oregano, and dressed with olive oil."

	}, {
		"id": "greek-dishes-002",
		"title": "Greek salad",
		"description": "Greek salad consists of pieces of tomatoes, sliced cucumbers, onion, feta cheese, and olives (usually Kalamata olives), typically seasoffned with salddt and oregano, and dressed with olive oil."

	}]
},
{
	"category": "DB Details",
	"items": [{
		"id": "greek-dishes-001",
		"title": "Greek salad",
		"description": "Greek salad consists of pieces of tomatoes, sliced cucumbers, onion, feta cheese, and olives (usually Kalamata olives), typically seasoned with salt and oregano, and dressed with olive oil."

	}, {
		"id": "greek-dishes-002",
		"title": "Greek salad",
		"description": "Greek salad consists of pieces of tomatoes, sliced cucumbers, onion, feta cheese, and olives (usually Kalamata olives), typically seasoffned with salddt and oregano, and dressed with olive oil."

	}]
},
{
	"category": "EJB Details",
	"items": [{
		"id": "greek-dishes-001",
		"title": "Greek salad",
		"description": "Greek salad consists of pieces of tomatoes, sliced cucumbers, onion, feta cheese, and olives (usually Kalamata olives), typically seasoned with salt and oregano, and dressed with olive oil."

	}, {
		"id": "greek-dishes-002",
		"title": "Greek salad",
		"description": "Greek salad consists of pieces of tomatoes, sliced cucumbers, onion, feta cheese, and olives (usually Kalamata olives), typically seasoffned with salddt and oregano, and dressed with olive oil."

	}]
},
{
	"category": "FileList Pages",
	"items": [{
		"id": "greek-dishes-001",
		"title": "Greek salad",
		"description": "Greek salad consists of pieces of tomatoes, sliced cucumbers, onion, feta cheese, and olives (usually Kalamata olives), typically seasoned with salt and oregano, and dressed with olive oil."

	}, {
		"id": "greek-dishes-002",
		"title": "Greek salad",
		"description": "Greek salad consists of pieces of tomatoes, sliced cucumbers, onion, feta cheese, and olives (usually Kalamata olives), typically seasoffned with salddt and oregano, and dressed with olive oil."

	}]
},
{
	"category": "First Things To Do",
	"items": [{
		"id": "greek-dishes-001",
		"title": "Greek salad",
		"description": "Greek salad consists of pieces of tomatoes, sliced cucumbers, onion, feta cheese, and olives (usually Kalamata olives), typically seasoned with salt and oregano, and dressed with olive oil."

	}, {
		"id": "greek-dishes-002",
		"title": "Greek salad",
		"description": "Greek salad consists of pieces of tomatoes, sliced cucumbers, onion, feta cheese, and olives (usually Kalamata olives), typically seasoffned with salddt and oregano, and dressed with olive oil."

	}]
},
{
	"category": "All Contact Details",
	"items": [{
		"id": "greek-dishes-001",
		"title": "Greek salad",
		"description": "Greek salad consists of pieces of tomatoes, sliced cucumbers, onion, feta cheese, and olives (usually Kalamata olives), typically seasoned with salt and oregano, and dressed with olive oil."

	}, {
		"id": "greek-dishes-002",
		"title": "Greek salad",
		"description": "Greek salad consists of pieces of tomatoes, sliced cucumbers, onion, feta cheese, and olives (usually Kalamata olives), typically seasoffned with salddt and oregano, and dressed with olive oil."

	}]
},
{
	"category": "Pronto",
	"items": [{
		"id": "greek-dishes-001",
		"title": "Greek salad",
		"description": "Greek salad consists of pieces of tomatoes, sliced cucumbers, onion, feta cheese, and olives (usually Kalamata olives), typically seasoned with salt and oregano, and dressed with olive oil."

	}, {
		"id": "greek-dishes-002",
		"title": "Greek salad",
		"description": "Greek salad consists of pieces of tomatoes, sliced cucumbers, onion, feta cheese, and olives (usually Kalamata olives), typically seasoffned with salddt and oregano, and dressed with olive oil."

	}]
}




]